{"count":1,"self":178.9585152,"total":179.357003,"children":{"InitializeActuators":{"count":1,"self":0.004025,"total":0.004025,"children":null},"InitializeSensors":{"count":1,"self":0.0035694999999999998,"total":0.0035694999999999998,"children":null},"AgentSendState":{"count":1001,"self":0.046948899999999995,"total":0.070094999999999991,"children":{"CollectObservations":{"count":201,"self":0.0025344,"total":0.0025344,"children":null},"WriteActionMask":{"count":201,"self":0.0031144999999999996,"total":0.0031144999999999996,"children":null},"RequestDecision":{"count":201,"self":0.017497199999999997,"total":0.017497199999999997,"children":null}}},"DecideAction":{"count":1001,"self":0.3115114,"total":0.31302169999999996,"children":{"RayPerceptionSensor.Perceive":{"count":201,"self":0.0015103,"total":0.0015103,"children":null}}},"AgentAct":{"count":1001,"self":0.0077709999999999993,"total":0.0077709999999999993,"children":null}},"gauges":{},"metadata":{"timer_format_version":"0.1.0","start_time_seconds":"1781460767","unity_version":"6000.3.10f1","command_line_arguments":"C:\\Program Files\\Unity\\Hub\\Editor\\6000.3.10f1\\Editor\\Unity.exe -projectpath D:\\unityGames\\SmartKitchen -acceptSoftwareTermsForThisRunOnly -useHub -hubIPC -cloudEnvironment production","communication_protocol_version":"1.5.0","com.unity.ml-agents_version":"4.0.2","scene_name":"GameScene","end_time_seconds":"1781460946"}}